n,side,vertices,punctured_cycles,intact_cycles,geometric_orbits
1,2,0,0,1,0
2,4,12,1,6,1
3,6,32,14,1072,3
4,8,60,164102,4638576,20676
5,10,96,9684216390,467260456608,1210546548
6,12,140,27867828294632440,1076226888605605706,3483478580414922
7,14,192,1167509412814480584454378,56126499620491437281263608,145938676601947358766460
8,16,252,1517021583328338160591145724550850,65882516522625836326159786165530572,189627697916042276889063633686282
9,18,320,35604867201983888335090959513825934093936960,1733926377888966183927790794055670829347983946,4450608400247986041886906383605585167240715
10,20,396,22194400531163887940263507134424320689889325050239815212,1020460427390768793543026965678152831571073052662428097106,2774300066395485992532938392421228045172137752081602347
